id,concept
1,Adam Driver
2,Adriana Lima
3,Amber Heard
4,Amy Adams
5,Andrew Garfield
6,Angelina Jolie
7,Anjelica Huston
8,Anna Faris
9,Anna Kendrick
10,Anne Hathaway
11,Arnold Schwarzenegger
12,Barack Obama
13,Beth Behrs
14,Bill Clinton
15,Bob Dylan
16,Bob Marley
17,Bradley Cooper
18,Bruce Willis
19,Bryan Cranston
20,Cameron Diaz
21,Channing Tatum
22,Charlie Sheen
23,Charlize Theron
24,Chris Evans
25,Chris Hemsworth
26,Chris Pine
27,Chuck Norris
28,Courteney Cox
29,Demi Lovato
30,Drake
31,Drew Barrymore
32,Dwayne Johnson
33,Ed Sheeran
34,Elon Musk
35,Elvis Presley
36,Emma Stone
37,Frida Kahlo
38,George Clooney
39,Glenn Close
40,Gwyneth Paltrow
41,Harrison Ford
42,Hillary Clinton
43,Hugh Jackman
44,Idris Elba
45,Jake Gyllenhaal
46,James Franco
47,Jared Leto
48,Jason Momoa
49,Jennifer Aniston
50,Jennifer Lawrence
51,Jennifer Lopez
52,Jeremy Renner
53,Jessica Biel
54,Jessica Chastain
55,John Oliver
56,John Wayne
57,Johnny Depp
58,Julianne Hough
59,Justin Timberlake
60,Kate Bosworth
61,Kate Winslet
62,Leonardo Dicaprio
63,Margot Robbie
64,Mariah Carey
65,Meryl Streep
66,Mick Jagger
67,Mila Kunis
68,Milla Jovovich
69,Morgan Freeman
70,Nick Jonas
71,Nicolas Cage
72,Nicole Kidman
73,Octavia Spencer
74,Olivia Wilde
75,Oprah Winfrey
76,Paul Mccartney
77,Paul Walker
78,Peter Dinklage
79,Philip Seymour Hoffman
80,Reese Witherspoon
81,Richard Gere
82,Ricky Gervais
83,Rihanna
84,Robin Williams
85,Ronald Reagan
86,Ryan Gosling
87,Ryan Reynolds
88,Shia Labeouf
89,Shirley Temple
90,Spike Lee
91,Stan Lee
92,Theresa May
93,Tom Cruise
94,Tom Hanks
95,Tom Hardy
96,Tom Hiddleston
97,Whoopi Goldberg
98,Zac Efron
99,Zayn Malik
100,Melania Trump
101,Aaron Paul
102,Alec Baldwin
103,Amanda Seyfried
104,Amy Poehler
105,Amy Schumer
106,Amy Winehouse
107,Andy Samberg
108,Aretha Franklin
109,Avril Lavigne
110,Aziz Ansari
111,Barry Manilow
112,Ben Affleck
113,Ben Stiller
114,Benicio Del Toro
115,Bette Midler
116,Betty White
117,Bill Murray
118,Bill Nye
119,Britney Spears
120,Brittany Snow
121,Bruce Lee
122,Burt Reynolds
123,Charles Manson
124,Christie Brinkley
125,Christina Hendricks
126,Clint Eastwood
127,Countess Vaughn
128,Dakota Johnson
129,Dane Dehaan
130,David Bowie
131,David Tennant
132,Denise Richards
133,Doris Day
134,Dr Dre
135,Elizabeth Taylor
136,Emma Roberts
137,Fred Rogers
138,Gal Gadot
139,George Bush
140,George Takei
141,Gillian Anderson
142,Gordon Ramsey
143,Halle Berry
144,Harry Dean Stanton
145,Harry Styles
146,Hayley Atwell
147,Heath Ledger
148,Henry Cavill
149,Jackie Chan
150,Jada Pinkett Smith
151,James Garner
152,Jason Statham
153,Jeff Bridges
154,Jennifer Connelly
155,Jensen Ackles
156,Jim Morrison
157,Jimmy Carter
158,Joan Rivers
159,John Lennon
160,Johnny Cash
161,Jon Hamm
162,Judy Garland
163,Julianne Moore
164,Justin Bieber
165,Kaley Cuoco
166,Kate Upton
167,Keanu Reeves
168,Kim Jong Un
169,Kirsten Dunst
170,Kristen Stewart
171,Krysten Ritter
172,Lana Del Rey
173,Leslie Jones
174,Lily Collins
175,Lindsay Lohan
176,Liv Tyler
177,Lizzy Caplan
178,Maggie Gyllenhaal
179,Matt Damon
180,Matt Smith
181,Matthew Mcconaughey
182,Maya Angelou
183,Megan Fox
184,Mel Gibson
185,Melanie Griffith
186,Michael Cera
187,Michael Ealy
188,Natalie Portman
189,Neil Degrasse Tyson
190,Niall Horan
191,Patrick Stewart
192,Paul Rudd
193,Paul Wesley
194,Pierce Brosnan
195,Prince
196,Queen Elizabeth
197,Rachel Dratch
198,Rachel Mcadams
199,Reba Mcentire
200,Robert De Niro
201,Adele
202,Al Pacino
203,Alan Rickman
204,50 Cent
205,Aaliyah
206,Alicia Keys
207,Alison Brie
208,Aaron Carter
209,Aaron Eckhart
210,Aaron Rodgers
211,Aaron Stanford
212,Aaron Tveit
213,Abbi Jacobson
214,Abigail Breslin
215,Abraham Mateo
216,Antonio Banderas
217,Ariana Grande
218,Armie Hammer
219,Audrey Hepburn
220,Action Bronson
221,Adam Baldwin
222,Adam Bartley
223,Benedict Cumberbatch
224,Bernie Sanders
225,Beyonce
226,Adam Brody
227,Bill Hader
228,Billy Crystal
229,Adam Devine
230,Blake Lively
231,Bono
232,Brenda Song
233,Brie Larson
234,Adam Gregory
235,Bruno Mars
236,Bryce Dallas Howard
237,Adam Jones
238,Camila Cabello
239,Adam Lambert
240,Cara Delevingne
241,Carrie Fisher
242,Cary Grant
243,Adam Lavorgna
244,Adam Levine
245,Celine Dion
246,Adam Rodriguez
247,Cher
248,Chester Bennington
249,Chris Pratt
250,Christian Bale
251,Christina Aguilera
252,Adam Sandler
253,Adam Scott
254,Adam West
255,Adore Delano
256,Adria Arjona
257,Adrianne Palicki
258,Adrien Brody
259,Afrojack
260,Aidan Quinn
261,David Beckham
262,Aidy Bryant
263,David Schwimmer
264,Denzel Washington
265,Aisha Tyler
266,Diane Keaton
267,Don Cheadle
268,Donald Trump
269,Dustin Hoffman
270,Eddie Murphy
271,Edward Norton
272,Aj Styles
273,Al Jarreau
274,Emily Ratajkowski
275,Eminem
276,Al Roker
277,Eva Green
278,Eva Longoria
279,Eva Mendes
280,Alan Alda
281,Farrah Fawcett
282,Alan Arkin
283,Alan Jackson
284,Fran Drescher
285,Gabrielle Union
286,Alan Simpson
287,Gene Hackman
288,Gene Kelly
289,Gene Wilder
290,Alan Tudyk
291,Gerard Butler
292,Gigi Hadid
293,Gina Rodriguez
294,Alanis Morissette
295,Grace Kelly
296,Greta Garbo
297,Gwen Stefani
298,Hailee Steinfeld
299,Helen Hunt
300,Alaska Thunderfuck
301,Hilary Duff
302,Alejandro Sanz
303,Alex Borstein
304,Alex Jones
305,Alex Saxon
306,Ingrid Bergman
307,Jack Black
308,Jack Nicholson
309,Jamie Foxx
310,Jamie Lee Curtis
311,Jane Fonda
312,Jane Lynch
313,Alex Turner
314,Janet Jackson
315,Alexa Bliss
316,Alexandra Breckenridge
317,Jeff Goldblum
318,Alexis Arquette
319,Jennifer Garner
320,Jennifer Hudson
321,Jennifer Love Hewitt
322,Jesse Eisenberg
323,Alexis Bledel
324,Jim Carrey
325,Alexis Denisof
326,Alexis Dziena
327,Jodie Foster
328,Joe Biden
329,Joe Jonas
330,Joe Rogan
331,Alexis Knapp
332,Alexis Sanchez
333,Julia Roberts
334,Julie Andrews
335,Kanye West
336,Alexis Texas
337,Karlie Kloss
338,Katy Perry
339,Kelly Clarkson
340,Kelly Rowland
341,Kendall Jenner
342,Kenny Rogers
343,Kevin Bacon
344,Kevin Costner
345,Kevin Hart
346,Alfonso Ribeiro
347,Kobe Bryant
348,Kris Jenner
349,Kurt Cobain
350,Kurt Russell
351,Kylie Jenner
352,Ali Landry
353,Laura Dern
354,Ali Larter
355,Alia Shawkat
356,Liam Neeson
357,Alicia Fox
358,Alicia Silverstone
359,Alison Haislip
360,Lucille Ball
361,Allie Deberry
362,Madonna
363,Mahershala Ali
364,Allison Harvard
365,Allison Janney
366,Marc Anthony
367,Mark Hamill
368,Mark Ruffalo
369,Mark Wahlberg
370,Marlon Brando
371,Allison Stokke
372,Martin Scorsese
373,Marvin Gaye
374,Allison Williams
375,Ally Sheedy
376,Matthew Broderick
377,Matthew Perry
378,Meghan Markle
379,Ally Walker
380,Aly Michalka
381,Michelle Pfeiffer
382,Mike Myers
383,Miley Cyrus
384,Naomi Campbell
385,Aly Raisman
386,Alyson Hannigan
387,Alyson Stoner
388,Alyssa Milano
389,Amanda Peet
390,Amanda Plummer
391,Ozzy Osbourne
392,Pamela Anderson
393,Paris Hilton
394,Amandla Stenberg
395,Amber Benson
396,Amber Liu
397,Post Malone
398,Amber Riley
399,Amber Rose
400,Quentin Tarantino
401,Rami Malek
402,Ray Charles
403,America Ferrera
404,Robert Downey Jr
405,Amerie
406,Roger Federer
407,Amy Acker
408,Amy Jo Johnson
409,Amy Lee
410,Amy Sedaris
411,Salma Hayek
412,Samuel L Jackson
413,Sandra Bullock
414,Sarah Jessica Parker
415,Sarah Michelle Gellar
416,Scarlett Johansson
417,Sean Connery
418,Sean Penn
419,Selena Gomez
420,Serena Williams
421,Seth Rogen
422,Shakira
423,Sharon Stone
424,Amy Smart
425,Simon Cowell
426,Snoop Dogg
427,Sofia Vergara
428,Sophia Loren
429,Anders Holm
430,Steven Spielberg
431,Steve Carell
432,Steve Harvey
433,Steve Jobs
434,Steve Martin
435,Stevie Wonder
436,Susan Sarandon
437,Sylvester Stallone
438,Taylor Swift
439,Tina Fey
440,Tina Turner
441,Tobey Maguire
442,Tom Brady
443,Tom Holland
444,Tony Bennett
445,Travis Scott
446,Tyra Banks
447,Uma Thurman
448,Usain Bolt
449,Vanessa Hudgens
450,Vin Diesel
451,Viola Davis
452,Vladimir Putin
453,Whitney Houston
454,Will Ferrell
455,Will Smith
456,Winona Ryder
457,Woody Harrelson
458,Woody Allen
459,Zendaya
460,Anderson Silva
461,Andie Macdowell
462,Andrew Dice Clay
463,Andrew Mccarthy
464,Andrew Rannells
465,Andy Biersack
466,Andy Dick
467,Andy Milonakis
468,Andy Murray
469,Angela Lansbury
470,Angela Raiola
471,Salman Khan
472,Angela Robinson
473,Angell Conwell
474,Angie Harmon
475,Anjelah Johnson
476,Ann Sothern
477,Anna Camp
478,Anna Maria Horsford
479,Marilyn Monroe
480,Michael Jordan
481,Kim Kardashian
482,Anna Nicole Smith
483,Annasophia Robb
484,Al Gore
485,Anne Baxter
486,Annie Ilonzeh
487,Annie Potts
488,Ansel Elgort
489,Alexandra Daddario
490,Anthony Anderson
491,Ali Wong
492,Amanda Bynes
493,Anthony Edwards
494,Anthony Hamilton
495,Angela Bassett
496,Anthony Kiedis
497,Anthony Michael Hall
498,Barbra Streisand
499,Barry White
500,Anthony Perkins
501,Bette Davis
502,Antoine Griezmann
503,Bing Crosby
504,Anton Yelchin
505,Antonio Brown
506,Brooke Shields
507,Anuel Aa
508,Arden Cho
509,Ariel Winter
510,Carrie Underwood
511,Arielle Vandenberg
512,Charlie Puth
513,Chevy Chase
514,Chloe Grace Moretz
515,Chris Rock
516,Cindy Crawford
517,Arizona Muse
518,Arsenio Hall
519,Artie Lange
520,Courtney Love
521,Cristiano Ronaldo
522,Cyndi Lauper
523,Dakota Fanning
524,Asa Akira
525,David Guetta
526,David Hasselhoff
527,Debbie Harry
528,Debbie Reynolds
529,Diane Kruger
530,Dolly Parton
531,Dua Lipa
532,Dwyane Wade
533,Ed Harris
534,Ed Helms
535,Asap Rocky
536,Elijah Wood
537,Elton John
538,Emilia Clarke
539,Ashlee Simpson
540,Ethan Hawke
541,Eugene Levy
542,Faith Hill
543,Faye Dunaway
544,Forest Whitaker
545,Ashley Benson
546,Frank Sinatra
547,Freddie Mercury
548,Ashley Graham
549,Geena Davis
550,Ashley Greene
551,George Michael
552,Hank Azaria
553,Harvey Keitel
554,Hilary Swank
555,Ashley Johnson
556,Ashley Judd
557,Ashley Rickards
558,Ashley Tisdale
559,Ashton Kutcher
560,Aubrey Dollar
561,Jason Bateman
562,Jason Segel
563,Aubrey Plaza
564,Austin Armacost
565,Jenna Fischer
566,Jennifer Coolidge
567,Jerry Seinfeld
568,Jessica Alba
569,Jessica Lange
570,Jessica Simpson
571,Austin Basis
572,Joaquin Phoenix
573,Joe Pesci
574,John Cena
575,John Travolta
576,Jon Stewart
577,Austin Butler
578,Jude Law
579,Austin Mahone
580,Austin Pendleton
581,Ava Gardner
582,Katherine Heigl
583,Katharine Hepburn
584,Katie Holmes
585,Avan Jogia
586,Kendrick Lamar
587,Kerry Washington
588,Khloe Kardashian
589,Kid Cudi
590,Avery Brooks
591,Kristin Davis
592,Kylie Minogue
593,Lady Gaga
594,Larry David
595,Laura Linney
596,Lauren Bacall
597,Lewis Hamilton
598,Lionel Messi
599,Lisa Kudrow
600,Lucy Liu
